{
  "headers": [
    {
      "source": "**/*.js",
      "headers": [
        {
          "key": "Content-Type",
          "value": "application/javascript; charset=utf-8"
        }
      ]
    },
    {
      "source": "**/*.mjs",
      "headers": [
        {
          "key": "Content-Type",
          "value": "application/javascript; charset=utf-8"
        }
      ]
    },
    {
      "source": "**/*.css",
      "headers": [
        {
          "key": "Content-Type",
          "value": "text/css; charset=utf-8"
        }
      ]
    }
  ],
  "rewrites": [
    {
      "source": "**",
      "destination": "/index.html"
    }
  ]
} 