{
  "routes": [
    {
      "route": "/*",
      "serve": "/index.html",
      "statusCode": 200
    }
  ],
  "navigationFallback": {
    "rewrite": "/index.html",
    "exclude": ["/images/*.{png,jpg,gif}", "/css/*"]
  },
  "mimeTypes": {
    ".js": "application/javascript",
    ".css": "text/css",
    ".html": "text/html",
    ".json": "application/json",
    ".svg": "image/svg+xml",
    ".mjs": "application/javascript"
  },
  "globalHeaders": {
    "content-type": "application/javascript",
    "content-security-policy": "default-src 'self'; script-src 'self' 'unsafe-inline' 'unsafe-eval'; style-src 'self' 'unsafe-inline'; img-src 'self' data:; font-src 'self'; connect-src 'self'",
    "cache-control": "no-cache"
  }
} 