{
  "headers": [
    {
      "source": "/(.*)\\.js",
      "headers": [
        {
          "key": "Content-Type",
          "value": "application/javascript"
        }
      ]
    },
    {
      "source": "/(.*)\\.css",
      "headers": [
        {
          "key": "Content-Type",
          "value": "text/css"
        }
      ]
    },
    {
      "source": "/(.*)\\.svg",
      "headers": [
        {
          "key": "Content-Type",
          "value": "image/svg+xml"
        }
      ]
    },
    {
      "source": "/(.*)\\.json",
      "headers": [
        {
          "key": "Content-Type",
          "value": "application/json"
        }
      ]
    },
    {
      "source": "/(.*)\\.mjs",
      "headers": [
        {
          "key": "Content-Type",
          "value": "application/javascript"
        }
      ]
    }
  ],
  "rewrites": [
    {
      "source": "/(.*)",
      "destination": "/index.html"
    }
  ]
} 